[
 {
  "author": "Umar ibn Al-Khatt\u0101b (R.A)",
  "id": 20,
  "quote": "The less of the World, the freer you live."
 },
 {
  "author": "Nelson Mandela",
  "id": 38,
  "quote": "A Good Head And A Good Heart Are Always A Formidable Combination."
 },
 {
  "author": "Ali ibn Abi Talib (R.A)",
  "id": 56,
  "quote": "The best revenge is to improve yourself."
 },
 {
  "author": "Winston Churchill",
  "id": 63,
  "quote": "Eating Words Has Never Given Me Indigestion."
 },
 {
  "author": "Mark Twain",
  "id": 72,
  "quote": "Do The Right Thing. It Will Gratify Some People And Astonish The Rest."
 },
 {
  "author": "Umar ibn Al-Khatt\u0101b (R.A)",
  "id": 74,
  "quote": "Earning of livelihood by following some profession is better than living on charity."
 },
 {
  "author": "Muhammad Ali",
  "id": 77,
  "quote": "Even the greatest was once a beginner. Don't be afraid to take that first step."
 },
 {
  "author": "Steve Jobs",
  "id": 80,
  "quote": "Innovation Distinguishes Between A Leader And A Follower."
 },
 {
  "author": "Winston Churchill",
  "id": 87,
  "quote": "To Jaw-Jaw Is Always Better Than To War-War."
 },
 {
  "author": "Winston Churchill",
  "id": 120,
  "quote": "All The Great Things Are Simple, And Many Can Be Expressed In A Single Word: Freedom, Justice, Honor, Duty, Mercy, Hope."
 },
 {
  "author": "Aristotle",
  "id": 183,
  "quote": "The Law Is Reason, Free From Passion."
 },
 {
  "author": "Abu Bakr (R.A)",
  "id": 184,
  "quote": "The people who abandon Jihad fall a victim to humility and degradation."
 },
 {
  "author": "Ali ibn Abi Talib (R.A)",
  "id": 291,
  "quote": "If you are greeted then return the greetings more warmly. If you are favored, then repay the obligation manifold; but he who takes the initiative will always excel in merit."
 },
 {
  "author": "Muhammad Ali",
  "id": 326,
  "quote": "Friendship is the hardest thing in the world to explain. It's not something you learn in school. But if you haven't learned the meaning of friendship, you really haven't learned anything."
 },
 {
  "author": "Abdul Kalam",
  "id": 335,
  "quote": "My impression of the American people can be summarized by a quotation from Benjamin Franklin, Those things that hurt instruct! I realized that people in this part of the world meet their problems head on. They attempt to get out of them rather than suffer them."
 },
 {
  "author": "Umar ibn Al-Khatt\u0101b (R.A)",
  "id": 337,
  "quote": "Be dignified, honest and truthful."
 },
 {
  "author": "Muhammad Ali",
  "id": 356,
  "quote": "At home I am a nice guy: but I don't want the world to know. Humble people, I've found, don't get very far."
 },
 {
  "author": "Umar ibn Al-Khatt\u0101b (R.A)",
  "id": 375,
  "quote": "The wisest among you is he whose sustenance is the fear of Allah."
 },
 {
  "author": "Umar ibn Al-Khatt\u0101b (R.A)",
  "id": 428,
  "quote": "I fear the day when the Kuffar are proud of their falsehood, and the Muslims are shy of their faith."
 },
 {
  "author": "Ali ibn Abi Talib (R.A)",
  "id": 479,
  "quote": "Two things cause people to be destroyed: fear of poverty and seeking superiority through pride."
 },
 {
  "author": "Umar ibn Al-Khatt\u0101b (R.A)",
  "id": 485,
  "quote": "Do not put off today's work for tomorrow."
 },
 {
  "author": "William Shakespeare",
  "id": 486,
  "quote": "Things Won Are Done, Joy'S Soul Lies In The Doing."
 },
 {
  "author": "Abu Bakr (R.A)",
  "id": 502,
  "quote": "Have an earnestness for death and you will have life."
 },
 {
  "author": "Maya Angelou",
  "id": 527,
  "quote": "Music Was My Refuge. I Could Crawl Into The Space Between The Notes And Curl My Back To Loneliness."
 },
 {
  "author": "Neil Armstrong",
  "id": 554,
  "quote": "This Is One Small Step For A Man, One Giant Leap For Mankind."
 },
 {
  "author": "Ali ibn Abi Talib (R.A)",
  "id": 559,
  "quote": "Lead such a life, that, when you die, the people may mourn you, and while you are alive they long for your company."
 },
 {
  "author": "Albert Einstein",
  "id": 581,
  "quote": "I Am Enough Of An Artist To Draw Freely Upon My Imagination."
 },
 {
  "author": "Abdul Kalam",
  "id": 600,
  "quote": "Difficulties in your life do not come to destroy you, but to help you realize your hidden potential and power, let difficulties know that you too are difficult."
 },
 {
  "author": "Rumi",
  "id": 612,
  "quote": "Open your Eyes, for this World is only a Dream."
 },
 {
  "author": "Rumi",
  "id": 618,
  "quote": "Dance, and make joyous the love around you. Dance, and your veils which hide the Light shall swirl in a heap at your feet."
 },
 {
  "author": "Benjamin Franklin",
  "id": 639,
  "quote": "Tricks And Treachery Are The Practice Of Fools, That Don'T Have Brains Enough To Be Honest."
 },
 {
  "author": "Abraham Lincoln",
  "id": 646,
  "quote": "You Cannot Escape The Responsibility Of Tomorrow By Evading It Today."
 },
 {
  "author": "Benjamin Franklin",
  "id": 651,
  "quote": "A Place For Everything, Everything In Its Place."
 },
 {
  "author": "Benjamin Franklin",
  "id": 678,
  "quote": "In General, Mankind, Since The Improvement Of Cookery, Eats Twice As Much As Nature Requires."
 },
 {
  "author": "Rumi",
  "id": 685,
  "quote": "Sell your cleverness and buy bewilderment."
 },
 {
  "author": "Mother Teresa",
  "id": 694,
  "quote": "Be Happy In The Moment, That'S Enough. Each Moment Is All We Need, Not More."
 },
 {
  "author": "Muhammad Ali",
  "id": 712,
  "quote": "It's the lack of faith that makes people afraid of meeting challenges, and I believe in myself. He who is not courageous enough to take risks will accomplish nothing in life. I figured that if I said it enough, I would convince the world that I really was the greatest."
 },
 {
  "author": "Warren Buffett",
  "id": 719,
  "quote": "Chains Of Habit Are Too Light To Be Felt Until They Are Too Heavy To Be Broken."
 },
 {
  "author": "William Shakespeare",
  "id": 782,
  "quote": "Many A Good Hanging Prevents A Bad Marriage."
 },
 {
  "author": "Bill Cosby",
  "id": 799,
  "quote": "The Past Is A Ghost, The Future A Dream, And All We Ever Have Is Now."
 },
 {
  "author": "Albert Camus",
  "id": 808,
  "quote": "In Order To Exist Just Once In The World, It Is Necessary Never Again To Exist."
 },
 {
  "author": "Ali ibn Abi Talib (R.A)",
  "id": 837,
  "quote": "Either you are just or unjust. If you are just, then you will not keep aloof from the people, but will listen to them and meet their requirements. But if you are unjust, the people themselves will keep away from you."
 },
 {
  "author": "Ali ibn Abi Talib (R.A)",
  "id": 876,
  "quote": "Perfecting one's intellect causes one to speak less, and those words spoken will be adorned with wisdom."
 },
 {
  "author": "Albert Einstein",
  "id": 886,
  "quote": "Look Deep Into Nature, And Then You Will Understand Everything Better."
 },
 {
  "author": "Ali Ibn Abi Talib",
  "id": 894,
  "quote": "I Was Not Created To Be Occupied By Eating Delicious Foods Like Tied Up Cattle."
 },
 {
  "author": "Abu Bakr (R.A)",
  "id": 914,
  "quote": "There is greatness in the fear of God, contentment in faith of God, and honour in humility."
 },
 {
  "author": "Rumi",
  "id": 935,
  "quote": "The breezes at dawn have secrets to tell you Don't go back to sleep! You must ask for what you really want. Don't go back to sleep! People are going back and forth across the doorsill where the two worlds touch, The door is round and open Don't go back to sleep!"
 },
 {
  "author": "Abu Bakr (R.A)",
  "id": 970,
  "quote": "Maybe a thing that you do not like is really in your interest. It is possible that a thing that you may desire may be against your interest."
 },
 {
  "author": "Abdul Kalam",
  "id": 972,
  "quote": "I'm not an expert on the arms race."
 },
 {
  "author": "C. S. Lewis",
  "id": 982,
  "quote": "You Are Never Too Old To Set Another Goal Or To Dream A New Dream."
 }
]